"Label (Grouping)","Bloomington, IN Metro Area!!Estimate","Bloomington, IN Metro Area!!Margin of Error","Bloomington, IN Metro Area!!Percent","Bloomington, IN Metro Area!!Percent Margin of Error","Columbus, IN Metro Area!!Estimate","Columbus, IN Metro Area!!Margin of Error","Columbus, IN Metro Area!!Percent","Columbus, IN Metro Area!!Percent Margin of Error","Elkhart-Goshen, IN Metro Area!!Estimate","Elkhart-Goshen, IN Metro Area!!Margin of Error","Elkhart-Goshen, IN Metro Area!!Percent","Elkhart-Goshen, IN Metro Area!!Percent Margin of Error","Fort Wayne, IN Metro Area!!Estimate","Fort Wayne, IN Metro Area!!Margin of Error","Fort Wayne, IN Metro Area!!Percent","Fort Wayne, IN Metro Area!!Percent Margin of Error","Indianapolis-Carmel-Anderson, IN Metro Area!!Estimate","Indianapolis-Carmel-Anderson, IN Metro Area!!Margin of Error","Indianapolis-Carmel-Anderson, IN Metro Area!!Percent","Indianapolis-Carmel-Anderson, IN Metro Area!!Percent Margin of Error","Kokomo, IN Metro Area!!Estimate","Kokomo, IN Metro Area!!Margin of Error","Kokomo, IN Metro Area!!Percent","Kokomo, IN Metro Area!!Percent Margin of Error","Lafayette-West Lafayette, IN Metro Area!!Estimate","Lafayette-West Lafayette, IN Metro Area!!Margin of Error","Lafayette-West Lafayette, IN Metro Area!!Percent","Lafayette-West Lafayette, IN Metro Area!!Percent Margin of Error","Louisville/Jefferson County, KY-IN Metro Area!!Estimate","Louisville/Jefferson County, KY-IN Metro Area!!Margin of Error","Louisville/Jefferson County, KY-IN Metro Area!!Percent","Louisville/Jefferson County, KY-IN Metro Area!!Percent Margin of Error","Michigan City-La Porte, IN Metro Area!!Estimate","Michigan City-La Porte, IN Metro Area!!Margin of Error","Michigan City-La Porte, IN Metro Area!!Percent","Michigan City-La Porte, IN Metro Area!!Percent Margin of Error","Muncie, IN Metro Area!!Estimate","Muncie, IN Metro Area!!Margin of Error","Muncie, IN Metro Area!!Percent","Muncie, IN Metro Area!!Percent Margin of Error","Terre Haute, IN Metro Area!!Estimate","Terre Haute, IN Metro Area!!Margin of Error","Terre Haute, IN Metro Area!!Percent","Terre Haute, IN Metro Area!!Percent Margin of Error"
"EMPLOYMENT STATUS","","","","","","","","","","","","","","","","","","","","","","","","","","","","","","","","","","","","","","","","","","","",""
"    Population 16 years and over","137,676","±216","137,676","(X)","64,438","±242","64,438","(X)","155,653","±355","155,653","(X)","321,788","±384","321,788","(X)","1,632,018","±1,415","1,632,018","(X)","66,379","±200","66,379","(X)","181,444","±352","181,444","(X)","1,024,597","±911","1,024,597","(X)","90,551","±245","90,551","(X)","94,304","±200","94,304","(X)","150,537","±265","150,537","(X)"
"        In labor force","84,673","±1,295","61.5%","±0.9","42,144","±899","65.4%","±1.4","102,650","±1,233","65.9%","±0.8","215,165","±1,769","66.9%","±0.5","1,098,419","±4,447","67.3%","±0.3","40,050","±800","60.3%","±1.2","114,712","±1,598","63.2%","±0.9","669,357","±3,695","65.3%","±0.4","51,987","±1,082","57.4%","±1.2","55,631","±1,164","59.0%","±1.2","87,622","±1,238","58.2%","±0.8"
"            Civilian labor force","84,599","±1,301","61.4%","±0.9","42,137","±897","65.4%","±1.4","102,635","±1,231","65.9%","±0.8","214,932","±1,750","66.8%","±0.5","1,096,121","±4,574","67.2%","±0.3","39,820","±773","60.0%","±1.2","114,559","±1,593","63.1%","±0.9","668,161","±3,695","65.2%","±0.4","51,973","±1,079","57.4%","±1.2","55,569","±1,157","58.9%","±1.2","87,290","±1,250","58.0%","±0.8"
"                Employed","79,265","±1,408","57.6%","±1.0","40,531","±916","62.9%","±1.4","98,102","±1,265","63.0%","±0.8","204,244","±1,750","63.5%","±0.5","1,047,716","±4,636","64.2%","±0.3","37,572","±833","56.6%","±1.3","110,200","±1,661","60.7%","±0.9","635,683","±3,943","62.0%","±0.4","49,174","±1,162","54.3%","±1.3","52,038","±1,179","55.2%","±1.3","81,823","±1,322","54.4%","±0.9"
"                Unemployed","5,334","±846","3.9%","±0.6","1,606","±305","2.5%","±0.5","4,533","±665","2.9%","±0.4","10,688","±910","3.3%","±0.3","48,405","±2,155","3.0%","±0.1","2,248","±312","3.4%","±0.5","4,359","±540","2.4%","±0.3","32,478","±1,609","3.2%","±0.2","2,799","±450","3.1%","±0.5","3,531","±467","3.7%","±0.5","5,467","±548","3.6%","±0.4"
"            Armed Forces","74","±58","0.1%","±0.1","7","±15","0.0%","±0.1","15","±27","0.0%","±0.1","233","±106","0.1%","±0.1","2,298","±592","0.1%","±0.1","230","±196","0.3%","±0.3","153","±75","0.1%","±0.1","1,196","±296","0.1%","±0.1","14","±18","0.0%","±0.1","62","±42","0.1%","±0.1","332","±155","0.2%","±0.1"
"        Not in labor force","53,003","±1,313","38.5%","±0.9","22,294","±880","34.6%","±1.4","53,003","±1,223","34.1%","±0.8","106,623","±1,707","33.1%","±0.5","533,599","±4,487","32.7%","±0.3","26,329","±837","39.7%","±1.2","66,732","±1,640","36.8%","±0.9","355,240","±3,892","34.7%","±0.4","38,564","±1,057","42.6%","±1.2","38,673","±1,173","41.0%","±1.2","62,915","±1,298","41.8%","±0.8"
"    Civilian labor force","84,599","±1,301","84,599","(X)","42,137","±897","42,137","(X)","102,635","±1,231","102,635","(X)","214,932","±1,750","214,932","(X)","1,096,121","±4,574","1,096,121","(X)","39,820","±773","39,820","(X)","114,559","±1,593","114,559","(X)","668,161","±3,695","668,161","(X)","51,973","±1,079","51,973","(X)","55,569","±1,157","55,569","(X)","87,290","±1,250","87,290","(X)"
"        Unemployment Rate","(X)","(X)","6.3%","±1.0","(X)","(X)","3.8%","±0.7","(X)","(X)","4.4%","±0.6","(X)","(X)","5.0%","±0.4","(X)","(X)","4.4%","±0.2","(X)","(X)","5.6%","±0.8","(X)","(X)","3.8%","±0.5","(X)","(X)","4.9%","±0.2","(X)","(X)","5.4%","±0.9","(X)","(X)","6.4%","±0.8","(X)","(X)","6.3%","±0.6"
"    Females 16 years and over","69,394","±184","69,394","(X)","31,962","±278","31,962","(X)","79,170","±267","79,170","(X)","165,479","±296","165,479","(X)","840,560","±1,022","840,560","(X)","34,651","±177","34,651","(X)","88,464","±294","88,464","(X)","527,121","±699","527,121","(X)","43,497","±154","43,497","(X)","49,282","±148","49,282","(X)","74,584","±259","74,584","(X)"
"        In labor force","40,939","±874","59.0%","±1.3","18,378","±644","57.5%","±2.0","46,965","±1,016","59.3%","±1.3","101,716","±1,507","61.5%","±0.9","529,355","±3,265","63.0%","±0.4","19,399","±576","56.0%","±1.7","52,339","±1,308","59.2%","±1.5","320,472","±2,689","60.8%","±0.5","24,737","±751","56.9%","±1.7","27,055","±923","54.9%","±1.9","41,629","±1,018","55.8%","±1.3"
"            Civilian labor force","40,939","±874","59.0%","±1.3","18,378","±644","57.5%","±2.0","46,965","±1,016","59.3%","±1.3","101,716","±1,507","61.5%","±0.9","529,056","±3,269","62.9%","±0.4","19,399","±576","56.0%","±1.7","52,339","±1,308","59.2%","±1.5","320,322","±2,686","60.8%","±0.5","24,737","±751","56.9%","±1.7","27,055","±923","54.9%","±1.9","41,620","±1,015","55.8%","±1.3"
"                Employed","38,027","±1,036","54.8%","±1.5","17,723","±654","55.5%","±2.0","44,593","±1,054","56.3%","±1.3","96,695","±1,453","58.4%","±0.9","505,377","±3,237","60.1%","±0.4","18,645","±584","53.8%","±1.7","49,932","±1,330","56.4%","±1.5","305,204","±2,714","57.9%","±0.5","23,465","±782","53.9%","±1.8","25,625","±905","52.0%","±1.8","39,267","±1,045","52.6%","±1.4"
"    Own children of the householder under 6 years","7,935","±372","7,935","(X)","5,919","±263","5,919","(X)","17,868","±446","17,868","(X)","32,890","±595","32,890","(X)","156,145","±1,599","156,145","(X)","5,380","±348","5,380","(X)","14,230","±420","14,230","(X)","87,075","±1,202","87,075","(X)","7,287","±306","7,287","(X)","6,579","±365","6,579","(X)","11,708","±447","11,708","(X)"
"        All parents in family in labor force","5,757","±477","72.6%","±4.9","3,439","±326","58.1%","±5.2","10,808","±747","60.5%","±3.7","21,790","±971","66.3%","±2.6","111,453","±2,330","71.4%","±1.3","4,251","±338","79.0%","±5.7","10,289","±635","72.3%","±3.5","62,201","±1,568","71.4%","±1.6","5,172","±486","71.0%","±6.5","4,518","±423","68.7%","±5.5","8,582","±530","73.3%","±3.2"
"    Own children of the householder 6 to 17 years","16,658","±425","16,658","(X)","12,454","±367","12,454","(X)","37,068","±614","37,068","(X)","68,764","±869","68,764","(X)","330,432","±2,259","330,432","(X)","12,235","±389","12,235","(X)","30,093","±450","30,093","(X)","182,235","±1,479","182,235","(X)","15,393","±401","15,393","(X)","12,692","±427","12,692","(X)","24,262","±561","24,262","(X)"
"        All parents in family in labor force","12,687","±717","76.2%","±3.8","9,066","±546","72.8%","±3.8","24,125","±1,335","65.1%","±3.3","50,104","±1,495","72.9%","±1.9","250,450","±3,798","75.8%","±1.0","9,361","±679","76.5%","±5.0","22,020","±857","73.2%","±2.5","137,605","±2,105","75.5%","±1.0","11,540","±636","75.0%","±3.6","9,279","±607","73.1%","±3.9","17,545","±769","72.3%","±2.9"
"COMMUTING TO WORK","","","","","","","","","","","","","","","","","","","","","","","","","","","","","","","","","","","","","","","","","","","",""
"    Workers 16 years and over","77,078","±1,487","77,078","(X)","39,796","±1,011","39,796","(X)","96,136","±1,274","96,136","(X)","200,669","±1,747","200,669","(X)","1,032,129","±5,167","1,032,129","(X)","36,746","±935","36,746","(X)","106,468","±1,771","106,468","(X)","623,753","±3,964","623,753","(X)","47,992","±1,253","47,992","(X)","50,864","±1,228","50,864","(X)","80,575","±1,287","80,575","(X)"
"        Car, truck, or van -- drove alone","54,429","±1,564","70.6%","±1.4","31,102","±1,024","78.2%","±2.0","72,479","±1,632","75.4%","±1.4","164,716","±2,093","82.1%","±0.8","812,406","±6,701","78.7%","±0.5","29,747","±1,153","81.0%","±2.5","82,016","±1,553","77.0%","±1.2","491,933","±4,266","78.9%","±0.5","39,967","±1,213","83.3%","±1.4","39,928","±1,201","78.5%","±1.9","65,452","±1,307","81.2%","±1.2"
"        Car, truck, or van -- carpooled","6,844","±635","8.9%","±0.8","3,813","±560","9.6%","±1.4","15,073","±1,243","15.7%","±1.2","17,467","±1,022","8.7%","±0.5","84,143","±2,957","8.2%","±0.3","3,841","±650","10.5%","±1.8","8,415","±896","7.9%","±0.8","50,850","±2,328","8.2%","±0.4","4,045","±535","8.4%","±1.1","4,662","±752","9.2%","±1.4","8,128","±718","10.1%","±0.9"
"        Public transportation (excluding taxicab)","1,638","±323","2.1%","±0.4","114","±72","0.3%","±0.2","157","±87","0.2%","±0.1","1,450","±330","0.7%","±0.2","7,748","±867","0.8%","±0.1","60","±82","0.2%","±0.2","2,137","±409","2.0%","±0.4","9,590","±818","1.5%","±0.1","511","±170","1.1%","±0.4","713","±235","1.4%","±0.5","477","±205","0.6%","±0.3"
"        Walked","4,463","±434","5.8%","±0.6","466","±173","1.2%","±0.4","1,943","±399","2.0%","±0.4","2,634","±358","1.3%","±0.2","14,885","±1,038","1.4%","±0.1","466","±236","1.3%","±0.6","5,523","±572","5.2%","±0.5","9,023","±709","1.4%","±0.1","814","±256","1.7%","±0.5","2,140","±536","4.2%","±1.0","2,738","±466","3.4%","±0.6"
"        Other means","1,550","±261","2.0%","±0.3","393","±135","1.0%","±0.3","2,092","±313","2.2%","±0.3","2,044","±356","1.0%","±0.2","11,317","±973","1.1%","±0.1","416","±149","1.1%","±0.4","1,577","±313","1.5%","±0.3","8,139","±733","1.3%","±0.1","337","±126","0.7%","±0.3","822","±202","1.6%","±0.4","957","±245","1.2%","±0.3"
"        Worked from home","8,154","±783","10.6%","±1.0","3,908","±677","9.8%","±1.7","4,392","±660","4.6%","±0.7","12,358","±1,016","6.2%","±0.5","101,630","±3,418","9.8%","±0.3","2,216","±481","6.0%","±1.3","6,800","±780","6.4%","±0.7","54,218","±2,065","8.7%","±0.3","2,318","±383","4.8%","±0.8","2,599","±502","5.1%","±0.9","2,823","±379","3.5%","±0.5"
"        Mean travel time to work (minutes)","22.0","±0.8","(X)","(X)","19.5","±0.7","(X)","(X)","19.4","±0.5","(X)","(X)","22.0","±0.3","(X)","(X)","25.3","±0.2","(X)","(X)","19.8","±0.7","(X)","(X)","19.3","±0.4","(X)","(X)","23.9","±0.2","(X)","(X)","23.9","±0.7","(X)","(X)","20.9","±0.7","(X)","(X)","22.7","±0.6","(X)","(X)"
"OCCUPATION","","","","","","","","","","","","","","","","","","","","","","","","","","","","","","","","","","","","","","","","","","","",""
"    Civilian employed population 16 years and over","79,265","±1,408","79,265","(X)","40,531","±916","40,531","(X)","98,102","±1,265","98,102","(X)","204,244","±1,750","204,244","(X)","1,047,716","±4,636","1,047,716","(X)","37,572","±833","37,572","(X)","110,200","±1,661","110,200","(X)","635,683","±3,943","635,683","(X)","49,174","±1,162","49,174","(X)","52,038","±1,179","52,038","(X)","81,823","±1,322","81,823","(X)"
"        Management, business, science, and arts occupations","35,467","±1,374","44.7%","±1.6","17,521","±884","43.2%","±2.0","28,494","±1,237","29.0%","±1.2","73,816","±1,791","36.1%","±0.8","437,684","±5,637","41.8%","±0.5","11,540","±803","30.7%","±1.9","44,251","±1,564","40.2%","±1.3","239,606","±3,608","37.7%","±0.5","14,134","±867","28.7%","±1.5","17,999","±867","34.6%","±1.4","25,490","±1,063","31.2%","±1.1"
"        Service occupations","14,915","±874","18.8%","±1.1","6,006","±564","14.8%","±1.3","14,064","±1,055","14.3%","±1.0","31,031","±1,331","15.2%","±0.6","153,288","±3,846","14.6%","±0.4","7,317","±577","19.5%","±1.4","18,203","±1,128","16.5%","±1.0","92,255","±2,570","14.5%","±0.4","9,315","±743","18.9%","±1.5","10,049","±845","19.3%","±1.5","16,309","±905","19.9%","±1.1"
"        Sales and office occupations","14,009","±939","17.7%","±1.2","6,675","±678","16.5%","±1.6","19,909","±1,185","20.3%","±1.2","43,214","±1,426","21.2%","±0.7","222,326","±3,866","21.2%","±0.3","7,203","±663","19.2%","±1.7","19,580","±1,069","17.8%","±0.9","136,031","±3,179","21.4%","±0.5","10,539","±905","21.4%","±1.7","11,678","±888","22.4%","±1.6","15,913","±909","19.4%","±1.0"
"        Natural resources, construction, and maintenance occupations","5,324","±583","6.7%","±0.7","2,323","±387","5.7%","±0.9","7,992","±758","8.1%","±0.8","15,528","±936","7.6%","±0.5","77,334","±2,642","7.4%","±0.3","2,630","±365","7.0%","±1.0","8,189","±677","7.4%","±0.6","47,896","±1,763","7.5%","±0.3","4,780","±454","9.7%","±0.9","3,570","±531","6.9%","±1.0","6,874","±518","8.4%","±0.6"
"        Production, transportation, and material moving occupations","9,550","±846","12.0%","±1.0","8,006","±639","19.8%","±1.5","27,643","±1,233","28.2%","±1.1","40,655","±1,509","19.9%","±0.7","157,084","±3,382","15.0%","±0.3","8,882","±669","23.6%","±1.8","19,977","±1,087","18.1%","±0.9","119,895","±2,488","18.9%","±0.4","10,406","±707","21.2%","±1.5","8,742","±727","16.8%","±1.4","17,237","±1,050","21.1%","±1.3"
"INDUSTRY","","","","","","","","","","","","","","","","","","","","","","","","","","","","","","","","","","","","","","","","","","","",""
"    Civilian employed population 16 years and over","79,265","±1,408","79,265","(X)","40,531","±916","40,531","(X)","98,102","±1,265","98,102","(X)","204,244","±1,750","204,244","(X)","1,047,716","±4,636","1,047,716","(X)","37,572","±833","37,572","(X)","110,200","±1,661","110,200","(X)","635,683","±3,943","635,683","(X)","49,174","±1,162","49,174","(X)","52,038","±1,179","52,038","(X)","81,823","±1,322","81,823","(X)"
"        Agriculture, forestry, fishing and hunting, and mining","554","±146","0.7%","±0.2","230","±146","0.6%","±0.4","1,252","±323","1.3%","±0.3","1,266","±291","0.6%","±0.1","6,135","±708","0.6%","±0.1","373","±227","1.0%","±0.6","1,587","±234","1.4%","±0.2","3,573","±523","0.6%","±0.1","547","±195","1.1%","±0.4","537","±232","1.0%","±0.4","1,871","±292","2.3%","±0.4"
"        Construction","4,285","±540","5.4%","±0.7","1,688","±321","4.2%","±0.8","4,961","±619","5.1%","±0.6","11,550","±734","5.7%","±0.4","66,031","±2,189","6.3%","±0.2","1,630","±319","4.3%","±0.9","5,836","±545","5.3%","±0.5","37,547","±1,491","5.9%","±0.2","3,500","±448","7.1%","±0.9","2,646","±436","5.1%","±0.8","4,612","±486","5.6%","±0.6"
"        Manufacturing","9,630","±849","12.1%","±1.1","13,650","±809","33.7%","±2.0","33,805","±1,408","34.5%","±1.3","39,470","±1,558","19.3%","±0.7","128,435","±3,473","12.3%","±0.3","9,522","±645","25.3%","±1.6","21,011","±932","19.1%","±0.9","85,886","±2,353","13.5%","±0.4","10,464","±747","21.3%","±1.6","6,427","±514","12.4%","±1.0","14,561","±886","17.8%","±1.1"
"        Wholesale trade","950","±247","1.2%","±0.3","708","±233","1.7%","±0.6","2,720","±466","2.8%","±0.5","5,869","±586","2.9%","±0.3","30,583","±1,637","2.9%","±0.2","473","±134","1.3%","±0.4","1,552","±263","1.4%","±0.2","15,152","±1,119","2.4%","±0.2","1,007","±284","2.0%","±0.6","1,186","±387","2.3%","±0.7","1,807","±365","2.2%","±0.4"
"        Retail trade","6,932","±748","8.7%","±0.9","4,327","±559","10.7%","±1.3","10,227","±888","10.4%","±0.9","22,604","±1,268","11.1%","±0.6","115,333","±3,534","11.0%","±0.3","4,031","±650","10.7%","±1.7","11,016","±850","10.0%","±0.7","70,152","±2,320","11.0%","±0.4","5,628","±602","11.4%","±1.2","6,294","±580","12.1%","±1.1","9,823","±842","12.0%","±1.0"
"        Transportation and warehousing, and utilities","3,283","±558","4.1%","±0.7","1,299","±266","3.2%","±0.7","3,885","±539","4.0%","±0.5","10,755","±922","5.3%","±0.5","71,490","±2,204","6.8%","±0.2","1,262","±260","3.4%","±0.7","3,823","±536","3.5%","±0.5","53,669","±1,848","8.4%","±0.3","2,839","±374","5.8%","±0.8","2,141","±305","4.1%","±0.6","3,946","±348","4.8%","±0.4"
"        Information","1,621","±307","2.0%","±0.4","391","±157","1.0%","±0.4","891","±220","0.9%","±0.2","3,059","±356","1.5%","±0.2","14,637","±1,123","1.4%","±0.1","311","±120","0.8%","±0.3","936","±197","0.8%","±0.2","10,699","±860","1.7%","±0.1","515","±160","1.0%","±0.3","712","±168","1.4%","±0.3","1,135","±365","1.4%","±0.4"
"        Finance and insurance, and real estate and rental and leasing","3,592","±547","4.5%","±0.7","1,618","±337","4.0%","±0.8","3,300","±439","3.4%","±0.4","13,479","±864","6.6%","±0.4","72,973","±2,424","7.0%","±0.2","1,278","±277","3.4%","±0.7","3,880","±449","3.5%","±0.4","48,948","±2,003","7.7%","±0.3","1,761","±291","3.6%","±0.6","2,595","±386","5.0%","±0.7","2,681","±405","3.3%","±0.5"
"        Professional, scientific, and management, and administrative and waste management services","5,843","±647","7.4%","±0.8","3,397","±463","8.4%","±1.1","5,383","±731","5.5%","±0.7","16,084","±1,075","7.9%","±0.5","125,267","±3,246","12.0%","±0.3","2,708","±485","7.2%","±1.3","8,295","±843","7.5%","±0.8","63,248","±1,879","9.9%","±0.3","4,289","±562","8.7%","±1.1","3,999","±527","7.7%","±1.0","4,381","±427","5.4%","±0.5"
"        Educational services, and health care and social assistance","26,537","±1,273","33.5%","±1.5","7,647","±588","18.9%","±1.4","18,336","±1,167","18.7%","±1.2","48,844","±1,620","23.9%","±0.8","240,080","±4,691","22.9%","±0.4","8,883","±682","23.6%","±1.7","34,957","±1,245","31.7%","±1.0","142,731","±3,102","22.5%","±0.4","9,943","±709","20.2%","±1.3","15,811","±993","30.4%","±1.7","21,017","±998","25.7%","±1.1"
"        Arts, entertainment, and recreation, and accommodation and food services","8,970","±863","11.3%","±1.0","2,934","±390","7.2%","±0.9","7,115","±789","7.3%","±0.8","16,813","±906","8.2%","±0.4","87,678","±2,785","8.4%","±0.3","3,913","±534","10.4%","±1.4","10,351","±904","9.4%","±0.8","55,232","±2,093","8.7%","±0.3","4,877","±580","9.9%","±1.1","5,228","±688","10.0%","±1.3","7,597","±646","9.3%","±0.8"
"        Other services, except public administration","3,473","±472","4.4%","±0.6","1,390","±303","3.4%","±0.7","4,578","±622","4.7%","±0.6","9,411","±757","4.6%","±0.4","46,968","±2,019","4.5%","±0.2","1,957","±360","5.2%","±0.9","4,577","±583","4.2%","±0.5","28,327","±1,406","4.5%","±0.2","1,830","±287","3.7%","±0.6","2,995","±414","5.8%","±0.8","3,872","±398","4.7%","±0.5"
"        Public administration","3,595","±490","4.5%","±0.6","1,252","±323","3.1%","±0.8","1,649","±309","1.7%","±0.3","5,040","±548","2.5%","±0.3","42,106","±2,278","4.0%","±0.2","1,231","±225","3.3%","±0.6","2,379","±382","2.2%","±0.3","20,519","±1,124","3.2%","±0.2","1,974","±330","4.0%","±0.7","1,467","±393","2.8%","±0.7","4,520","±670","5.5%","±0.8"
"CLASS OF WORKER","","","","","","","","","","","","","","","","","","","","","","","","","","","","","","","","","","","","","","","","","","","",""
"    Civilian employed population 16 years and over","79,265","±1,408","79,265","(X)","40,531","±916","40,531","(X)","98,102","±1,265","98,102","(X)","204,244","±1,750","204,244","(X)","1,047,716","±4,636","1,047,716","(X)","37,572","±833","37,572","(X)","110,200","±1,661","110,200","(X)","635,683","±3,943","635,683","(X)","49,174","±1,162","49,174","(X)","52,038","±1,179","52,038","(X)","81,823","±1,322","81,823","(X)"
"        Private wage and salary workers","57,980","±1,544","73.1%","±1.3","35,377","±974","87.3%","±1.3","85,674","±1,466","87.3%","±1.1","176,960","±2,267","86.6%","±0.6","883,337","±5,843","84.3%","±0.4","32,068","±918","85.4%","±1.2","85,403","±1,809","77.5%","±1.1","536,970","±4,057","84.5%","±0.4","41,051","±1,204","83.5%","±1.4","42,743","±1,226","82.1%","±1.7","67,084","±1,417","82.0%","±1.2"
"        Government workers","17,110","±905","21.6%","±1.1","3,219","±471","7.9%","±1.2","7,159","±806","7.3%","±0.8","17,891","±920","8.8%","±0.5","114,591","±3,979","10.9%","±0.4","3,562","±383","9.5%","±1.0","19,571","±1,118","17.8%","±1.0","68,499","±2,034","10.8%","±0.3","5,653","±547","11.5%","±1.1","7,453","±875","14.3%","±1.6","10,990","±867","13.4%","±1.0"
"        Self-employed in own not incorporated business workers","4,040","±556","5.1%","±0.7","1,840","±293","4.5%","±0.7","5,088","±740","5.2%","±0.7","9,074","±707","4.4%","±0.3","48,084","±2,272","4.6%","±0.2","1,855","±340","4.9%","±0.9","4,989","±614","4.5%","±0.6","28,717","±1,485","4.5%","±0.2","2,437","±415","5.0%","±0.9","1,831","±303","3.5%","±0.6","3,473","±390","4.2%","±0.5"
"        Unpaid family workers","135","±95","0.2%","±0.1","95","±61","0.2%","±0.2","181","±150","0.2%","±0.2","319","±155","0.2%","±0.1","1,704","±360","0.2%","±0.1","87","±81","0.2%","±0.2","237","±122","0.2%","±0.1","1,497","±385","0.2%","±0.1","33","±28","0.1%","±0.1","11","±15","0.0%","±0.1","276","±136","0.3%","±0.2"
"INCOME AND BENEFITS (IN 2021 INFLATION-ADJUSTED DOLLARS)","","","","","","","","","","","","","","","","","","","","","","","","","","","","","","","","","","","","","","","","","","","",""
"    Total households","65,604","±691","65,604","(X)","32,303","±471","32,303","(X)","71,343","±742","71,343","(X)","163,476","±717","163,476","(X)","809,970","±2,989","809,970","(X)","34,674","±499","34,674","(X)","86,338","±862","86,338","(X)","507,249","±1,820","507,249","(X)","43,256","±568","43,256","(X)","45,602","±598","45,602","(X)","72,614","±853","72,614","(X)"
"        Less than $10,000","5,936","±649","9.0%","±1.0","1,704","±367","5.3%","±1.1","3,809","±591","5.3%","±0.8","7,216","±620","4.4%","±0.4","43,518","±2,034","5.4%","±0.2","1,886","±296","5.4%","±0.9","6,778","±700","7.9%","±0.8","27,316","±1,341","5.4%","±0.3","1,958","±325","4.5%","±0.7","4,128","±506","9.1%","±1.1","5,100","±506","7.0%","±0.7"
"        $10,000 to $14,999","3,444","±574","5.2%","±0.9","1,013","±259","3.1%","±0.8","2,234","±379","3.1%","±0.5","6,160","±608","3.8%","±0.4","25,698","±1,380","3.2%","±0.2","1,238","±284","3.6%","±0.8","3,657","±573","4.2%","±0.7","19,449","±1,096","3.8%","±0.2","1,747","±312","4.0%","±0.7","2,566","±389","5.6%","±0.8","3,688","±421","5.1%","±0.6"
"        $15,000 to $24,999","7,171","±678","10.9%","±1.0","2,170","±294","6.7%","±0.9","6,402","±714","9.0%","±1.0","14,501","±1,000","8.9%","±0.6","60,075","±1,750","7.4%","±0.2","3,355","±456","9.7%","±1.3","8,647","±746","10.0%","±0.9","40,269","±1,605","7.9%","±0.3","4,354","±472","10.1%","±1.1","5,302","±523","11.6%","±1.1","7,982","±648","11.0%","±0.9"
"        $25,000 to $34,999","5,321","±620","8.1%","±0.9","2,707","±432","8.4%","±1.3","6,134","±674","8.6%","±0.9","15,455","±894","9.5%","±0.5","67,467","±2,410","8.3%","±0.3","3,259","±496","9.4%","±1.4","9,658","±827","11.2%","±0.9","45,010","±1,559","8.9%","±0.3","4,344","±453","10.0%","±1.1","5,082","±528","11.1%","±1.2","7,738","±556","10.7%","±0.8"
"        $35,000 to $49,999","8,570","±796","13.1%","±1.2","3,731","±473","11.6%","±1.4","10,143","±677","14.2%","±0.9","22,092","±993","13.5%","±0.6","98,215","±2,280","12.1%","±0.3","4,908","±571","14.2%","±1.6","10,655","±873","12.3%","±1.0","65,193","±1,866","12.9%","±0.4","5,518","±545","12.8%","±1.3","5,968","±547","13.1%","±1.2","10,794","±615","14.9%","±0.8"
"        $50,000 to $74,999","11,784","±743","18.0%","±1.1","5,898","±533","18.3%","±1.7","14,164","±882","19.9%","±1.2","31,905","±1,169","19.5%","±0.7","149,205","±3,161","18.4%","±0.4","6,923","±562","20.0%","±1.6","15,484","±891","17.9%","±1.0","92,831","±2,251","18.3%","±0.4","8,567","±693","19.8%","±1.6","8,767","±825","19.2%","±1.8","13,357","±785","18.4%","±1.1"
"        $75,000 to $99,999","7,668","±529","11.7%","±0.8","4,752","±401","14.7%","±1.2","9,942","±762","13.9%","±1.0","24,329","±1,061","14.9%","±0.7","108,618","±2,340","13.4%","±0.3","4,496","±552","13.0%","±1.6","10,714","±657","12.4%","±0.8","67,119","±1,962","13.2%","±0.4","6,019","±577","13.9%","±1.3","5,503","±546","12.1%","±1.2","9,732","±607","13.4%","±0.8"
"        $100,000 to $149,999","9,091","±621","13.9%","±0.9","5,635","±467","17.4%","±1.4","11,503","±894","16.1%","±1.3","24,989","±1,031","15.3%","±0.6","130,878","±2,948","16.2%","±0.3","5,447","±485","15.7%","±1.3","12,796","±703","14.8%","±0.9","81,137","±2,317","16.0%","±0.4","6,405","±506","14.8%","±1.2","5,412","±554","11.9%","±1.2","8,730","±589","12.0%","±0.8"
"        $150,000 to $199,999","3,283","±457","5.0%","±0.7","2,578","±364","8.0%","±1.1","3,688","±472","5.2%","±0.7","9,046","±684","5.5%","±0.4","61,080","±1,991","7.5%","±0.2","1,984","±372","5.7%","±1.1","4,273","±422","4.9%","±0.5","35,155","±1,178","6.9%","±0.2","2,819","±400","6.5%","±0.9","1,437","±252","3.2%","±0.6","3,244","±354","4.5%","±0.5"
"        $200,000 or more","3,336","±413","5.1%","±0.6","2,115","±354","6.5%","±1.1","3,324","±376","4.7%","±0.5","7,783","±598","4.8%","±0.4","65,216","±2,235","8.1%","±0.3","1,178","±292","3.4%","±0.8","3,676","±407","4.3%","±0.5","33,770","±1,223","6.7%","±0.2","1,525","±249","3.5%","±0.6","1,437","±264","3.2%","±0.6","2,249","±326","3.1%","±0.4"
"        Median household income (dollars)","54,060","±1,809","(X)","(X)","71,183","±3,352","(X)","(X)","61,182","±1,636","(X)","(X)","62,031","±1,262","(X)","(X)","67,330","±583","(X)","(X)","59,238","±2,526","(X)","(X)","54,490","±1,580","(X)","(X)","64,533","±727","(X)","(X)","60,226","±2,501","(X)","(X)","49,321","±1,903","(X)","(X)","51,531","±1,244","(X)","(X)"
"        Mean household income (dollars)","73,468","±2,294","(X)","(X)","88,405","±3,180","(X)","(X)","78,022","±1,903","(X)","(X)","80,675","±1,400","(X)","(X)","92,858","±981","(X)","(X)","73,500","±1,934","(X)","(X)","73,879","±1,938","(X)","(X)","87,361","±1,010","(X)","(X)","75,185","±2,188","(X)","(X)","64,485","±1,890","(X)","(X)","68,623","±1,849","(X)","(X)"
"        With earnings","52,671","±810","80.3%","±1.1","25,912","±556","80.2%","±1.3","57,174","±886","80.1%","±0.9","130,194","±1,013","79.6%","±0.6","655,821","±3,397","81.0%","±0.3","25,122","±685","72.5%","±1.6","69,960","±1,062","81.0%","±0.8","396,035","±2,683","78.1%","±0.4","32,304","±697","74.7%","±1.2","33,622","±893","73.7%","±1.5","53,146","±968","73.2%","±1.1"
"            Mean earnings (dollars)","69,744","±2,073","(X)","(X)","88,969","±3,838","(X)","(X)","79,564","±2,034","(X)","(X)","82,307","±1,517","(X)","(X)","94,901","±1,018","(X)","(X)","75,154","±2,806","(X)","(X)","72,765","±1,770","(X)","(X)","87,657","±1,024","(X)","(X)","75,477","±2,844","(X)","(X)","63,530","±2,144","(X)","(X)","69,351","±2,035","(X)","(X)"
"        With Social Security","17,195","±487","26.2%","±0.8","10,068","±378","31.2%","±1.1","21,023","±638","29.5%","±0.9","49,161","±975","30.1%","±0.6","221,953","±2,383","27.4%","±0.3","13,137","±479","37.9%","±1.4","22,212","±708","25.7%","±0.9","162,978","±1,598","32.1%","±0.3","16,139","±486","37.3%","±1.2","16,192","±555","35.5%","±1.3","25,459","±718","35.1%","±0.9"
"            Mean Social Security income (dollars)","23,033","±703","(X)","(X)","22,271","±716","(X)","(X)","22,143","±601","(X)","(X)","21,584","±394","(X)","(X)","22,032","±249","(X)","(X)","21,699","±628","(X)","(X)","21,608","±550","(X)","(X)","20,473","±190","(X)","(X)","22,128","±565","(X)","(X)","20,687","±595","(X)","(X)","20,956","±487","(X)","(X)"
"        With retirement income","14,018","±677","21.4%","±1.0","6,897","±496","21.4%","±1.5","11,757","±641","16.5%","±0.9","36,196","±1,087","22.1%","±0.7","165,144","±2,939","20.4%","±0.3","10,383","±585","29.9%","±1.6","15,896","±720","18.4%","±0.8","119,989","±1,666","23.7%","±0.3","11,238","±594","26.0%","±1.4","11,489","±579","25.2%","±1.3","17,372","±710","23.9%","±0.9"
"            Mean retirement income (dollars)","26,353","±2,124","(X)","(X)","21,921","±2,656","(X)","(X)","19,236","±1,911","(X)","(X)","19,514","±1,061","(X)","(X)","23,739","±597","(X)","(X)","20,657","±1,260","(X)","(X)","23,932","±2,996","(X)","(X)","26,072","±645","(X)","(X)","23,180","±2,112","(X)","(X)","19,639","±1,345","(X)","(X)","21,100","±1,762","(X)","(X)"
"        With Supplemental Security Income","2,779","±349","4.2%","±0.5","1,529","±304","4.7%","±0.9","3,402","±476","4.8%","±0.7","8,404","±617","5.1%","±0.4","35,977","±2,140","4.4%","±0.3","2,265","±372","6.5%","±1.1","3,269","±452","3.8%","±0.5","27,468","±1,260","5.4%","±0.2","2,314","±344","5.3%","±0.8","3,376","±460","7.4%","±1.0","4,762","±509","6.6%","±0.7"
"            Mean Supplemental Security Income (dollars)","9,913","±793","(X)","(X)","11,855","±1,496","(X)","(X)","11,081","±810","(X)","(X)","11,075","±547","(X)","(X)","10,802","±327","(X)","(X)","11,336","±963","(X)","(X)","11,236","±693","(X)","(X)","10,251","±295","(X)","(X)","10,766","±790","(X)","(X)","10,644","±753","(X)","(X)","11,606","±729","(X)","(X)"
"        With cash public assistance income","726","±176","1.1%","±0.3","465","±181","1.4%","±0.6","1,699","±385","2.4%","±0.5","2,860","±410","1.7%","±0.3","14,392","±1,056","1.8%","±0.1","737","±186","2.1%","±0.5","1,025","±198","1.2%","±0.2","9,226","±789","1.8%","±0.2","799","±209","1.8%","±0.5","787","±188","1.7%","±0.4","1,045","±207","1.4%","±0.3"
"            Mean cash public assistance income (dollars)","3,477","±822","(X)","(X)","3,680","±1,421","(X)","(X)","2,735","±936","(X)","(X)","4,686","±1,067","(X)","(X)","3,366","±346","(X)","(X)","3,401","±864","(X)","(X)","3,878","±887","(X)","(X)","3,365","±402","(X)","(X)","3,995","±1,252","(X)","(X)","2,035","±498","(X)","(X)","3,278","±739","(X)","(X)"
"        With Food Stamp/SNAP benefits in the past 12 months","4,584","±596","7.0%","±0.9","2,473","±333","7.7%","±1.0","5,364","±622","7.5%","±0.9","14,759","±732","9.0%","±0.4","69,575","±2,838","8.6%","±0.4","3,704","±393","10.7%","±1.1","5,539","±515","6.4%","±0.6","47,593","±1,761","9.4%","±0.3","4,551","±577","10.5%","±1.3","6,305","±572","13.8%","±1.2","9,091","±695","12.5%","±1.0"
"    Families","34,917","±965","34,917","(X)","21,232","±743","21,232","(X)","49,892","±981","49,892","(X)","105,223","±1,359","105,223","(X)","518,779","±4,122","518,779","(X)","22,087","±760","22,087","(X)","49,315","±1,178","49,315","(X)","321,765","±2,972","321,765","(X)","27,885","±778","27,885","(X)","26,884","±853","26,884","(X)","44,941","±1,098","44,941","(X)"
"        Less than $10,000","1,147","±278","3.3%","±0.8","835","±237","3.9%","±1.1","1,900","±423","3.8%","±0.8","3,098","±387","2.9%","±0.4","16,522","±1,164","3.2%","±0.2","603","±164","2.7%","±0.7","1,239","±236","2.5%","±0.5","10,462","±770","3.3%","±0.2","989","±227","3.5%","±0.8","1,233","±241","4.6%","±0.9","2,144","±373","4.8%","±0.8"
"        $10,000 to $14,999","1,054","±278","3.0%","±0.8","291","±120","1.4%","±0.6","925","±261","1.9%","±0.5","2,390","±402","2.3%","±0.4","8,305","±932","1.6%","±0.2","565","±199","2.6%","±0.9","1,008","±296","2.0%","±0.6","6,368","±635","2.0%","±0.2","555","±171","2.0%","±0.6","750","±204","2.8%","±0.7","1,515","±329","3.4%","±0.7"
"        $15,000 to $24,999","2,112","±378","6.0%","±1.0","760","±212","3.6%","±1.0","2,249","±465","4.5%","±0.9","5,387","±505","5.1%","±0.5","21,925","±1,334","4.2%","±0.3","1,142","±270","5.2%","±1.2","2,336","±407","4.7%","±0.8","16,035","±1,075","5.0%","±0.3","1,575","±289","5.6%","±1.0","1,855","±328","6.9%","±1.2","2,822","±389","6.3%","±0.9"
"        $25,000 to $34,999","1,693","±336","4.8%","±0.9","1,417","±288","6.7%","±1.3","3,634","±594","7.3%","±1.2","7,159","±498","6.8%","±0.5","30,366","±1,597","5.9%","±0.3","1,667","±392","7.5%","±1.7","4,235","±566","8.6%","±1.1","20,994","±1,229","6.5%","±0.4","2,314","±396","8.3%","±1.4","2,277","±313","8.5%","±1.2","4,176","±443","9.3%","±1.0"
"        $35,000 to $49,999","3,652","±534","10.5%","±1.5","2,260","±379","10.6%","±1.7","6,848","±565","13.7%","±1.1","11,891","±746","11.3%","±0.7","51,472","±1,982","9.9%","±0.4","2,543","±393","11.5%","±1.7","5,914","±618","12.0%","±1.2","34,418","±1,556","10.7%","±0.5","2,785","±377","10.0%","±1.3","3,557","±503","13.2%","±1.8","5,655","±439","12.6%","±1.0"
"        $50,000 to $74,999","6,730","±567","19.3%","±1.6","3,760","±457","17.7%","±2.1","10,025","±624","20.1%","±1.3","21,237","±995","20.2%","±0.9","95,146","±2,371","18.3%","±0.4","4,815","±524","21.8%","±2.3","9,220","±653","18.7%","±1.3","58,887","±1,938","18.3%","±0.6","6,030","±553","21.6%","±1.9","6,068","±674","22.6%","±2.3","8,754","±648","19.5%","±1.3"
"        $75,000 to $99,999","5,206","±492","14.9%","±1.3","3,537","±399","16.7%","±1.8","7,913","±697","15.9%","±1.3","18,316","±984","17.4%","±0.9","79,534","±2,139","15.3%","±0.4","3,459","±513","15.7%","±2.2","8,020","±612","16.3%","±1.1","48,531","±1,659","15.1%","±0.5","4,571","±482","16.4%","±1.6","4,211","±444","15.7%","±1.7","7,617","±537","16.9%","±1.2"
"        $100,000 to $149,999","7,589","±550","21.7%","±1.6","4,145","±475","19.5%","±2.1","9,945","±848","19.9%","±1.6","21,443","±982","20.4%","±0.9","104,759","±2,685","20.2%","±0.5","4,667","±479","21.1%","±2.1","10,692","±594","21.7%","±1.2","64,844","±2,042","20.2%","±0.6","5,353","±464","19.2%","±1.6","4,440","±502","16.5%","±1.8","7,346","±539","16.3%","±1.1"
"        $150,000 to $199,999","2,796","±436","8.0%","±1.2","2,316","±357","10.9%","±1.6","3,497","±463","7.0%","±0.9","7,685","±586","7.3%","±0.5","53,403","±1,985","10.3%","±0.4","1,575","±328","7.1%","±1.5","3,404","±388","6.9%","±0.8","31,020","±1,126","9.6%","±0.3","2,434","±367","8.7%","±1.3","1,255","±246","4.7%","±0.9","3,027","±332","6.7%","±0.7"
"        $200,000 or more","2,938","±369","8.4%","±1.1","1,911","±325","9.0%","±1.6","2,956","±361","5.9%","±0.7","6,617","±546","6.3%","±0.5","57,347","±2,013","11.1%","±0.4","1,051","±280","4.8%","±1.3","3,247","±385","6.6%","±0.7","30,206","±1,107","9.4%","±0.3","1,279","±213","4.6%","±0.8","1,238","±233","4.6%","±0.9","1,885","±293","4.2%","±0.6"
"        Median family income (dollars)","79,681","±3,195","(X)","(X)","83,855","±3,809","(X)","(X)","73,657","±1,697","(X)","(X)","77,129","±1,350","(X)","(X)","85,612","±1,051","(X)","(X)","73,416","±2,738","(X)","(X)","76,355","±1,486","(X)","(X)","81,939","±1,219","(X)","(X)","73,882","±2,017","(X)","(X)","64,465","±2,956","(X)","(X)","67,567","±1,954","(X)","(X)"
"        Mean family income (dollars)","98,878","±3,622","(X)","(X)","103,553","±4,487","(X)","(X)","90,028","±2,493","(X)","(X)","94,813","±1,857","(X)","(X)","111,956","±1,339","(X)","(X)","86,910","±3,101","(X)","(X)","94,016","±2,664","(X)","(X)","105,309","±1,304","(X)","(X)","88,418","±2,884","(X)","(X)","80,914","±3,562","(X)","(X)","82,329","±2,402","(X)","(X)"
"    Per capita income (dollars)","30,848","±938","(X)","(X)","35,669","±1,078","(X)","(X)","28,194","±610","(X)","(X)","32,207","±531","(X)","(X)","36,867","±362","(X)","(X)","30,952","±819","(X)","(X)","29,359","±754","(X)","(X)","35,613","±397","(X)","(X)","29,190","±884","(X)","(X)","26,946","±722","(X)","(X)","27,744","±754","(X)","(X)"
"    Nonfamily households","30,687","±1,077","30,687","(X)","11,071","±752","11,071","(X)","21,451","±904","21,451","(X)","58,253","±1,509","58,253","(X)","291,191","±3,933","291,191","(X)","12,587","±727","12,587","(X)","37,023","±1,225","37,023","(X)","185,484","±2,758","185,484","(X)","15,371","±755","15,371","(X)","18,718","±913","18,718","(X)","27,673","±1,007","27,673","(X)"
"        Median nonfamily income (dollars)","31,430","±1,826","(X)","(X)","41,654","±3,782","(X)","(X)","35,358","±1,586","(X)","(X)","37,306","±1,212","(X)","(X)","40,200","±637","(X)","(X)","35,838","±1,928","(X)","(X)","29,587","±1,423","(X)","(X)","38,875","±752","(X)","(X)","35,384","±2,216","(X)","(X)","27,907","±1,564","(X)","(X)","31,703","±1,862","(X)","(X)"
"        Mean nonfamily income (dollars)","42,555","±1,997","(X)","(X)","54,863","±3,496","(X)","(X)","45,324","±2,027","(X)","(X)","51,144","±2,484","(X)","(X)","55,327","±907","(X)","(X)","47,026","±3,476","(X)","(X)","43,965","±2,337","(X)","(X)","52,594","±1,343","(X)","(X)","47,333","±2,487","(X)","(X)","37,139","±1,799","(X)","(X)","42,790","±2,538","(X)","(X)"
"    Median earnings for workers (dollars)","26,085","±898","(X)","(X)","39,343","±1,457","(X)","(X)","34,789","±791","(X)","(X)","36,274","±467","(X)","(X)","40,144","±323","(X)","(X)","34,048","±978","(X)","(X)","29,117","±1,059","(X)","(X)","38,118","±364","(X)","(X)","34,804","±1,743","(X)","(X)","26,219","±1,131","(X)","(X)","31,252","±657","(X)","(X)"
"    Median earnings for male full-time, year-round workers (dollars)","53,663","±2,590","(X)","(X)","63,209","±3,093","(X)","(X)","52,608","±1,145","(X)","(X)","54,486","±846","(X)","(X)","59,072","±789","(X)","(X)","55,972","±2,562","(X)","(X)","52,673","±1,035","(X)","(X)","55,097","±758","(X)","(X)","56,126","±2,118","(X)","(X)","47,861","±1,623","(X)","(X)","47,529","±1,759","(X)","(X)"
"    Median earnings for female full-time, year-round workers (dollars)","43,099","±976","(X)","(X)","45,499","±2,720","(X)","(X)","37,271","±1,041","(X)","(X)","40,364","±697","(X)","(X)","45,655","±577","(X)","(X)","41,843","±2,566","(X)","(X)","39,290","±1,337","(X)","(X)","44,179","±469","(X)","(X)","39,412","±1,313","(X)","(X)","38,628","±1,538","(X)","(X)","38,282","±841","(X)","(X)"
"HEALTH INSURANCE COVERAGE","","","","","","","","","","","","","","","","","","","","","","","","","","","","","","","","","","","","","","","","","","","",""
"    Civilian noninstitutionalized population","160,309","±197","160,309","(X)","80,901","±217","80,901","(X)","203,867","±350","203,867","(X)","412,187","±396","412,187","(X)","2,063,818","±1,187","2,063,818","(X)","82,130","±306","82,130","(X)","221,461","±309","221,461","(X)","1,263,356","±895","1,263,356","(X)","104,585","±574","104,585","(X)","111,050","±265","111,050","(X)","177,506","±767","177,506","(X)"
"        With health insurance coverage","149,489","±1,047","93.3%","±0.6","75,522","±752","93.4%","±0.9","173,785","±1,996","85.2%","±1.0","378,886","±1,972","91.9%","±0.5","1,907,785","±4,764","92.4%","±0.2","76,632","±917","93.3%","±1.0","207,148","±1,131","93.5%","±0.5","1,195,204","±2,897","94.6%","±0.2","97,150","±1,091","92.9%","±0.9","103,090","±889","92.8%","±0.8","164,235","±1,358","92.5%","±0.7"
"            With private health insurance","119,486","±1,850","74.5%","±1.2","59,737","±1,476","73.8%","±1.8","127,527","±2,706","62.6%","±1.3","287,788","±3,031","69.8%","±0.7","1,474,103","±9,754","71.4%","±0.5","58,401","±1,480","71.1%","±1.8","169,117","±1,964","76.4%","±0.9","893,823","±8,050","70.7%","±0.6","71,169","±1,999","68.0%","±1.9","75,328","±1,838","67.8%","±1.6","117,927","±2,359","66.4%","±1.3"
"            With public coverage","46,522","±1,828","29.0%","±1.1","25,600","±1,413","31.6%","±1.8","66,297","±2,017","32.5%","±1.0","137,299","±2,210","33.3%","±0.5","655,805","±7,990","31.8%","±0.4","31,793","±1,231","38.7%","±1.5","58,648","±1,604","26.5%","±0.7","471,181","±5,950","37.3%","±0.5","40,984","±1,713","39.2%","±1.6","43,901","±1,393","39.5%","±1.3","71,266","±1,976","40.1%","±1.1"
"        No health insurance coverage","10,820","±1,036","6.7%","±0.6","5,379","±751","6.6%","±0.9","30,082","±2,052","14.8%","±1.0","33,301","±1,996","8.1%","±0.5","156,033","±4,609","7.6%","±0.2","5,498","±790","6.7%","±1.0","14,313","±1,032","6.5%","±0.5","68,152","±2,784","5.4%","±0.2","7,435","±945","7.1%","±0.9","7,960","±832","7.2%","±0.8","13,271","±1,196","7.5%","±0.7"
"    Civilian noninstitutionalized population under 19 years","33,564","±655","33,564","(X)","20,457","±199","20,457","(X)","59,545","±383","59,545","(X)","111,684","±434","111,684","(X)","543,205","±990","543,205","(X)","20,291","±164","20,291","(X)","53,176","±529","53,176","(X)","302,850","±861","302,850","(X)","25,383","±179","25,383","(X)","23,310","±345","23,310","(X)","42,157","±313","42,157","(X)"
"        No health insurance coverage","1,460","±322","4.3%","±1.0","829","±355","4.1%","±1.7","8,812","±1,006","14.8%","±1.7","6,802","±950","6.1%","±0.9","28,161","±2,208","5.2%","±0.4","1,113","±398","5.5%","±2.0","2,353","±488","4.4%","±0.9","10,494","±1,070","3.5%","±0.4","1,366","±374","5.4%","±1.5","831","±264","3.6%","±1.1","2,328","±624","5.5%","±1.5"
"    Civilian noninstitutionalized population 19 to 64 years","104,830","±716","104,830","(X)","47,762","±291","47,762","(X)","115,273","±405","115,273","(X)","240,667","±483","240,667","(X)","1,242,113","±1,558","1,242,113","(X)","46,364","±308","46,364","(X)","140,592","±560","140,592","(X)","761,336","±1,231","761,336","(X)","59,678","±518","59,678","(X)","69,587","±430","69,587","(X)","104,683","±763","104,683","(X)"
"        In labor force:","76,904","±1,171","76,904","(X)","38,064","±840","38,064","(X)","92,480","±1,116","92,480","(X)","194,848","±1,436","194,848","(X)","1,008,263","±4,295","1,008,263","(X)","36,300","±722","36,300","(X)","105,271","±1,574","105,271","(X)","608,031","±3,465","608,031","(X)","46,928","±1,032","46,928","(X)","50,787","±1,115","50,787","(X)","78,704","±1,199","78,704","(X)"
"            Employed:","72,399","±1,344","72,399","(X)","36,562","±879","36,562","(X)","88,334","±1,111","88,334","(X)","185,805","±1,514","185,805","(X)","966,367","±4,167","966,367","(X)","34,212","±773","34,212","(X)","101,431","±1,641","101,431","(X)","579,649","±3,732","579,649","(X)","44,488","±1,084","44,488","(X)","47,667","±1,090","47,667","(X)","74,070","±1,307","74,070","(X)"
"                With health insurance coverage","66,331","±1,448","91.6%","±1.0","33,633","±886","92.0%","±1.2","74,796","±1,387","84.7%","±1.2","168,774","±1,882","90.8%","±0.5","880,860","±4,973","91.2%","±0.3","31,264","±846","91.4%","±1.2","93,776","±1,746","92.5%","±0.7","540,237","±4,351","93.2%","±0.4","40,176","±1,211","90.3%","±1.4","43,184","±1,262","90.6%","±1.2","67,036","±1,429","90.5%","±0.9"
"                    With private health insurance","60,609","±1,540","83.7%","±1.4","31,659","±881","86.6%","±1.5","69,127","±1,428","78.3%","±1.3","155,487","±1,929","83.7%","±0.6","816,159","±5,814","84.5%","±0.4","28,393","±900","83.0%","±1.7","88,180","±1,767","86.9%","±0.9","487,500","±4,661","84.1%","±0.5","36,201","±1,270","81.4%","±1.7","38,658","±1,365","81.1%","±1.7","60,567","±1,477","81.8%","±1.2"
"                    With public coverage","7,258","±804","10.0%","±1.1","2,633","±423","7.2%","±1.1","7,360","±740","8.3%","±0.8","18,229","±773","9.8%","±0.4","89,756","±2,754","9.3%","±0.3","3,866","±512","11.3%","±1.5","7,408","±774","7.3%","±0.8","69,224","±2,299","11.9%","±0.4","4,722","±554","10.6%","±1.3","5,847","±480","12.3%","±1.0","8,685","±697","11.7%","±0.9"
"                No health insurance coverage","6,068","±724","8.4%","±1.0","2,929","±467","8.0%","±1.2","13,538","±1,087","15.3%","±1.2","17,031","±967","9.2%","±0.5","85,507","±2,747","8.8%","±0.3","2,948","±410","8.6%","±1.2","7,655","±741","7.5%","±0.7","39,412","±2,099","6.8%","±0.4","4,312","±625","9.7%","±1.4","4,483","±563","9.4%","±1.2","7,034","±664","9.5%","±0.9"
"            Unemployed:","4,505","±800","4,505","(X)","1,502","±301","1,502","(X)","4,146","±642","4,146","(X)","9,043","±845","9,043","(X)","41,896","±2,100","41,896","(X)","2,088","±303","2,088","(X)","3,840","±533","3,840","(X)","28,382","±1,501","28,382","(X)","2,440","±395","2,440","(X)","3,120","±454","3,120","(X)","4,634","±520","4,634","(X)"
"                With health insurance coverage","3,881","±756","86.1%","±4.6","1,182","±312","78.7%","±9.1","2,689","±528","64.9%","±8.7","6,311","±710","69.8%","±4.5","30,944","±1,957","73.9%","±2.1","1,714","±291","82.1%","±6.3","2,862","±461","74.5%","±6.0","22,828","±1,324","80.4%","±2.1","1,864","±393","76.4%","±7.5","2,506","±444","80.3%","±6.2","3,295","±397","71.1%","±5.0"
"                    With private health insurance","2,067","±440","45.9%","±8.5","503","±203","33.5%","±12.0","1,601","±360","38.6%","±7.3","3,355","±523","37.1%","±4.3","17,076","±1,379","40.8%","±2.3","1,023","±276","49.0%","±9.5","1,861","±439","48.5%","±7.9","11,434","±962","40.3%","±2.7","1,012","±273","41.5%","±7.9","1,533","±377","49.1%","±8.9","1,487","±279","32.1%","±5.2"
"                    With public coverage","1,855","±604","41.2%","±9.1","679","±300","45.2%","±15.7","1,378","±417","33.2%","±8.4","3,311","±511","36.6%","±4.7","15,377","±1,285","36.7%","±2.3","905","±219","43.3%","±8.9","1,098","±208","28.6%","±5.2","12,491","±996","44.0%","±2.6","955","±274","39.1%","±9.1","1,171","±321","37.5%","±7.7","1,898","±320","41.0%","±5.6"
"                No health insurance coverage","624","±214","13.9%","±4.6","320","±130","21.3%","±9.1","1,457","±440","35.1%","±8.7","2,732","±486","30.2%","±4.5","10,952","±926","26.1%","±2.1","374","±138","17.9%","±6.3","978","±268","25.5%","±6.0","5,554","±674","19.6%","±2.1","576","±178","23.6%","±7.5","614","±196","19.7%","±6.2","1,339","±302","28.9%","±5.0"
"        Not in labor force:","27,926","±1,238","27,926","(X)","9,698","±754","9,698","(X)","22,793","±1,076","22,793","(X)","45,819","±1,442","45,819","(X)","233,850","±4,032","233,850","(X)","10,064","±699","10,064","(X)","35,321","±1,553","35,321","(X)","153,305","±3,344","153,305","(X)","12,750","±873","12,750","(X)","18,800","±1,062","18,800","(X)","25,979","±1,042","25,979","(X)"
"            With health insurance coverage","25,431","±1,217","91.1%","±1.5","8,470","±724","87.3%","±3.1","16,973","±1,058","74.5%","±2.7","39,453","±1,336","86.1%","±1.5","203,841","±3,494","87.2%","±0.7","9,001","±688","89.4%","±3.1","32,206","±1,553","91.2%","±1.4","141,129","±3,178","92.1%","±0.6","11,658","±871","91.4%","±2.2","16,841","±1,018","89.6%","±1.9","23,539","±1,068","90.6%","±1.2"
"                With private health insurance","19,061","±1,140","68.3%","±2.7","4,985","±637","51.4%","±5.6","9,328","±861","40.9%","±3.3","22,857","±1,188","49.9%","±2.2","121,872","±3,104","52.1%","±1.1","4,892","±490","48.6%","±4.6","24,926","±1,337","70.6%","±1.9","75,202","±2,220","49.1%","±1.2","6,933","±627","54.4%","±3.9","9,473","±826","50.4%","±3.5","12,454","±841","47.9%","±2.5"
"                With public coverage","7,086","±703","25.4%","±2.2","4,042","±614","41.7%","±5.1","8,990","±766","39.4%","±2.6","19,950","±972","43.5%","±1.8","96,827","±2,812","41.4%","±1.0","4,805","±602","47.7%","±4.2","8,521","±620","24.1%","±1.6","79,113","±2,595","51.6%","±1.1","5,942","±690","46.6%","±3.7","8,625","±743","45.9%","±3.2","12,950","±833","49.8%","±2.4"
"            No health insurance coverage","2,495","±428","8.9%","±1.5","1,228","±314","12.7%","±3.1","5,820","±652","25.5%","±2.7","6,366","±731","13.9%","±1.5","30,009","±1,770","12.8%","±0.7","1,063","±322","10.6%","±3.1","3,115","±493","8.8%","±1.4","12,176","±926","7.9%","±0.6","1,092","±281","8.6%","±2.2","1,959","±383","10.4%","±1.9","2,440","±292","9.4%","±1.2"
"PERCENTAGE OF FAMILIES AND PEOPLE WHOSE INCOME IN THE PAST 12 MONTHS IS BELOW THE POVERTY LEVEL","","","","","","","","","","","","","","","","","","","","","","","","","","","","","","","","","","","","","","","","","","","",""
"    All families","(X)","(X)","10.3%","±1.5","(X)","(X)","8.2%","±1.5","(X)","(X)","8.5%","±1.1","(X)","(X)","8.9%","±0.7","(X)","(X)","7.6%","±0.3","(X)","(X)","8.4%","±1.3","(X)","(X)","8.0%","±1.1","(X)","(X)","8.5%","±0.4","(X)","(X)","9.8%","±1.3","(X)","(X)","11.5%","±1.4","(X)","(X)","11.8%","±1.1"
"        With related children of the householder under 18 years","(X)","(X)","16.2%","±2.9","(X)","(X)","14.4%","±3.1","(X)","(X)","14.2%","±2.1","(X)","(X)","15.1%","±1.3","(X)","(X)","12.0%","±0.6","(X)","(X)","15.3%","±2.9","(X)","(X)","13.2%","±2.3","(X)","(X)","13.9%","±0.7","(X)","(X)","19.7%","±2.7","(X)","(X)","19.2%","±2.7","(X)","(X)","20.0%","±2.1"
"            With related children of the householder under 5 years only","(X)","(X)","11.8%","±4.0","(X)","(X)","12.3%","±5.5","(X)","(X)","12.9%","±5.7","(X)","(X)","19.5%","±4.1","(X)","(X)","11.9%","±1.5","(X)","(X)","19.0%","±6.6","(X)","(X)","10.0%","±3.2","(X)","(X)","14.1%","±1.6","(X)","(X)","18.4%","±7.0","(X)","(X)","22.3%","±8.9","(X)","(X)","23.0%","±6.9"
"        Married couple families","(X)","(X)","4.2%","±1.1","(X)","(X)","3.0%","±0.9","(X)","(X)","3.9%","±0.9","(X)","(X)","3.8%","±0.6","(X)","(X)","3.1%","±0.2","(X)","(X)","2.7%","±0.8","(X)","(X)","3.7%","±0.9","(X)","(X)","3.5%","±0.3","(X)","(X)","3.3%","±0.9","(X)","(X)","5.6%","±1.3","(X)","(X)","4.9%","±0.9"
"            With related children of the householder under 18 years","(X)","(X)","5.2%","±1.8","(X)","(X)","4.8%","±2.0","(X)","(X)","5.9%","±2.0","(X)","(X)","5.8%","±1.1","(X)","(X)","4.2%","±0.5","(X)","(X)","4.1%","±2.0","(X)","(X)","5.7%","±2.0","(X)","(X)","4.8%","±0.6","(X)","(X)","6.3%","±2.2","(X)","(X)","9.7%","±2.6","(X)","(X)","6.5%","±1.7"
"                With related children of the householder under 5 years only","(X)","(X)","3.3%","±2.8","(X)","(X)","0.7%","±1.1","(X)","(X)","9.6%","±7.9","(X)","(X)","8.0%","±5.2","(X)","(X)","3.0%","±0.9","(X)","(X)","7.0%","±5.6","(X)","(X)","2.9%","±1.9","(X)","(X)","4.0%","±1.2","(X)","(X)","6.1%","±5.4","(X)","(X)","10.7%","±8.0","(X)","(X)","1.6%","±1.2"
"        Families with female householder, no spouse present","(X)","(X)","29.1%","±5.3","(X)","(X)","31.9%","±7.9","(X)","(X)","25.9%","±5.0","(X)","(X)","27.6%","±2.5","(X)","(X)","24.8%","±1.3","(X)","(X)","25.1%","±5.6","(X)","(X)","26.6%","±4.0","(X)","(X)","25.9%","±1.4","(X)","(X)","29.7%","±5.0","(X)","(X)","28.8%","±5.3","(X)","(X)","37.0%","±3.9"
"            With related children of the householder under 18 years","(X)","(X)","37.4%","±7.1","(X)","(X)","45.2%","±10.2","(X)","(X)","33.2%","±6.4","(X)","(X)","35.9%","±3.5","(X)","(X)","32.5%","±1.8","(X)","(X)","34.7%","±8.4","(X)","(X)","33.6%","±5.3","(X)","(X)","34.4%","±1.9","(X)","(X)","43.6%","±6.7","(X)","(X)","38.3%","±6.5","(X)","(X)","49.9%","±5.1"
"                With related children of the householder under 5 years only","(X)","(X)","31.3%","±15.3","(X)","(X)","63.3%","±19.4","(X)","(X)","23.0%","±10.8","(X)","(X)","48.8%","±8.5","(X)","(X)","37.9%","±5.1","(X)","(X)","41.6%","±15.6","(X)","(X)","42.3%","±13.0","(X)","(X)","39.7%","±5.5","(X)","(X)","56.8%","±21.0","(X)","(X)","52.7%","±16.6","(X)","(X)","64.6%","±13.3"
"    All people","(X)","(X)","20.7%","±1.4","(X)","(X)","11.6%","±1.5","(X)","(X)","11.4%","±1.0","(X)","(X)","12.1%","±0.6","(X)","(X)","11.1%","±0.3","(X)","(X)","11.6%","±1.2","(X)","(X)","16.9%","±1.1","(X)","(X)","12.0%","±0.4","(X)","(X)","14.3%","±1.3","(X)","(X)","20.6%","±1.3","(X)","(X)","16.9%","±0.9"
"        Under 18 years","(X)","(X)","17.8%","±2.5","(X)","(X)","17.0%","±3.5","(X)","(X)","16.5%","±2.1","(X)","(X)","17.9%","±1.5","(X)","(X)","15.0%","±0.7","(X)","(X)","16.7%","±3.0","(X)","(X)","16.3%","±2.6","(X)","(X)","17.0%","±0.9","(X)","(X)","24.7%","±3.4","(X)","(X)","21.7%","±3.1","(X)","(X)","22.7%","±2.3"
"            Related children of the householder under 18 years","(X)","(X)","17.3%","±2.5","(X)","(X)","16.3%","±3.5","(X)","(X)","16.3%","±2.1","(X)","(X)","17.6%","±1.5","(X)","(X)","14.6%","±0.7","(X)","(X)","16.4%","±3.1","(X)","(X)","15.9%","±2.6","(X)","(X)","16.5%","±0.9","(X)","(X)","24.0%","±3.4","(X)","(X)","21.0%","±3.0","(X)","(X)","22.1%","±2.2"
"                Related children of the householder under 5 years","(X)","(X)","19.3%","±4.1","(X)","(X)","13.7%","±4.3","(X)","(X)","18.3%","±3.8","(X)","(X)","22.1%","±2.0","(X)","(X)","17.1%","±1.3","(X)","(X)","19.1%","±6.3","(X)","(X)","18.3%","±3.2","(X)","(X)","17.7%","±1.5","(X)","(X)","22.5%","±5.8","(X)","(X)","22.8%","±5.8","(X)","(X)","26.4%","±4.1"
"                Related children of the householder 5 to 17 years","(X)","(X)","16.6%","±2.7","(X)","(X)","17.2%","±4.1","(X)","(X)","15.5%","±2.4","(X)","(X)","16.0%","±1.7","(X)","(X)","13.7%","±0.7","(X)","(X)","15.4%","±3.2","(X)","(X)","15.0%","±2.8","(X)","(X)","16.1%","±0.9","(X)","(X)","24.6%","±3.8","(X)","(X)","20.3%","±3.2","(X)","(X)","20.5%","±2.4"
"        18 years and over","(X)","(X)","21.4%","±1.4","(X)","(X)","9.9%","±1.1","(X)","(X)","9.4%","±0.8","(X)","(X)","10.1%","±0.5","(X)","(X)","9.8%","±0.2","(X)","(X)","10.1%","±1.1","(X)","(X)","17.1%","±0.9","(X)","(X)","10.5%","±0.3","(X)","(X)","11.3%","±1.0","(X)","(X)","20.3%","±1.2","(X)","(X)","15.2%","±0.8"
"            18 to 64 years","(X)","(X)","25.1%","±1.6","(X)","(X)","11.0%","±1.4","(X)","(X)","10.0%","±0.9","(X)","(X)","10.9%","±0.6","(X)","(X)","10.2%","±0.3","(X)","(X)","11.3%","±1.3","(X)","(X)","19.2%","±1.1","(X)","(X)","11.1%","±0.4","(X)","(X)","12.7%","±1.2","(X)","(X)","23.9%","±1.5","(X)","(X)","17.3%","±0.9"
"            65 years and over","(X)","(X)","4.7%","±1.0","(X)","(X)","5.6%","±1.4","(X)","(X)","7.2%","±1.1","(X)","(X)","6.9%","±0.7","(X)","(X)","7.7%","±0.4","(X)","(X)","6.4%","±1.5","(X)","(X)","7.0%","±1.1","(X)","(X)","8.2%","±0.6","(X)","(X)","6.7%","±1.3","(X)","(X)","6.9%","±1.2","(X)","(X)","8.3%","±1.3"
"        People in families","(X)","(X)","10.6%","±1.4","(X)","(X)","9.1%","±1.7","(X)","(X)","9.3%","±1.1","(X)","(X)","10.0%","±0.7","(X)","(X)","8.6%","±0.4","(X)","(X)","8.9%","±1.4","(X)","(X)","9.2%","±1.3","(X)","(X)","9.4%","±0.4","(X)","(X)","11.9%","±1.6","(X)","(X)","11.9%","±1.5","(X)","(X)","12.6%","±1.1"
"        Unrelated individuals 15 years and over","(X)","(X)","41.8%","±2.1","(X)","(X)","21.7%","±2.8","(X)","(X)","22.8%","±2.7","(X)","(X)","20.5%","±1.0","(X)","(X)","21.0%","±0.6","(X)","(X)","22.5%","±2.2","(X)","(X)","37.2%","±1.8","(X)","(X)","21.9%","±0.7","(X)","(X)","23.5%","±2.5","(X)","(X)","43.0%","±2.5","(X)","(X)","31.1%","±1.9"